<asignatura>
    <nombre>Lenguajes de Marcas</nombre>
    <horas>4</horas>
    <asistencia>Obligatoria</asistencia>
    <fecha_inicio>2023-09-15</fecha_inicio>
    <fecha_fin>2024-06-22</fecha_fin>
    <alumnos>
        <alumno>
            <nombre>Ana Fernández Gutiérrez</nombre>
            <dni>51623487V</dni>
            <telefono>666544566</telefono>
            <email>anafernandez@gmail.com</email>
            <direccion>
                <calle>C/ Amatista, 14</calle>
                <codigo_postal>28905</codigo_postal>
                <ciudad>Getafe</ciudad>
            </direccion>
        </alumno>
        <alumno>
            <nombre>Carlos López Sánchez</nombre>
            <dni>52369874B</dni>
            <telefono>666455477</telefono>
            <email>carloslopez@gmail.com</email>
            <direccion>
                <calle>C/ Ópalo, 15</calle>
                <codigo_postal>28905</codigo_postal>
                <ciudad>Getafe</ciudad>
            </direccion>
            <faltas_asistencia>0</faltas_asistencia>
            <nota>Apto</nota>
        </alumno>
    </alumnos>
</asignatura>
