<paginas>
    <web>
        <nombre>W3Schools</nombre>
        <descripcion>Tutoriales de lenguajes</descripcion>
        <enlace>https://www.w3schools.com/</enlace>
    </web>
    <web>
        <nombre>Wikipedia</nombre>
        <descripcion>La enciclopedia libre.</descripcion>
        <enlace>http://www.wikipedia.org/</enlace>
    </web>
    <web>
        <nombre>W3C</nombre>
        <descripcion>World Wide Web Consortium.</descripcion>
        <enlace>http://www.w3.org/</enlace>
    </web>
</paginas>