<receta>
    <comida>Sopa de cebolla (4 personas)</comida>
    <ingredientes>
        <ingrediente>1 kg de cebollas</ingrediente>
        <ingrediente>2 litros de caldo de carne</ingrediente>
        <ingrediente>100 gr de mantequilla</ingrediente>
        <ingrediente>1 cucharada de harina</ingrediente>
        <ingrediente>100 gr de queso emmental</ingrediente>
        <ingrediente>Pan tostado en rebanadas</ingrediente>
        <ingrediente>Tomillo</ingrediente>
        <ingrediente>1 hoja de laurel</ingrediente>
        <ingrediente>Pimienta</ingrediente>
    </ingredientes>
    <proceso>
        <paso>Pelar y partir las cebollas en rodajas finas.</paso>
        <paso>Rehogarlas con la mantequilla, sal y pimienta a fuego lento hasta que estén transparentes sin dorarse.</paso>
        <paso>Añadir la harina sin dejar de remover.</paso>
        <paso>Ponerlo en una cazuela con el caldo, el tomillo y el laurel.</paso>
        <paso>Dejar cocer a fuego lento durante unos 15 minutos.</paso>
        <paso>Poner las rebanadas de pan encima, espolvorear el queso y gratinar al horno.</paso>
    </proceso>
</receta>
