<equipos>
    <RealMadrid>
        <nombre>Real Madrid</nombre>
        <ciudad>Madrid</ciudad>
        <entrenador></entrenador>
        <jugadores>
            <jugador posicion="delantero">
                <nombre>Vinícius Júnior</nombre>
                <nacionalidad>Brasil</nacionalidad>
            </jugador>
            <jugador posicion="mediocentro">
                <nombre>Arda Güler</nombre>
                <nacionalidad>Turquia</nacionalidad>
            </jugador>
        </jugadores>
    </RealMadrid>
    <Barça>
        <nombre>FC Barcelona</nombre>
        <ciudad>Barcelona</ciudad>
        <entrenador></entrenador>
        <jugadores>
            <jugador posicion="delantero">
                <nombre>Robert Lewandoski</nombre>
                <nacionalidad>Polonia</nacionalidad>
            </jugador>
            <jugador posicion="Portero">
                <nombre>Wojciech Szczęsny</nombre>
                <nacionalidad>Polonia</nacionalidad>
            </jugador>
        </jugadores>
    </Barça>
</equipos>